{"val_top_k_categorical_accuracy": [0.7672223970926794, 0.8571877946603145, 0.8880150992940079, 0.8980811572967367, 0.916640452822637, 0.9219880469117611, 0.9223026107901783, 0.9216734822833639, 0.921673482133368, 0.923875432732196], "val_loss": [2.0639203950720564, 1.4478234754264185, 1.2314400303547546, 1.1440402316799625, 1.0306778089472917, 0.9695982993042818, 0.9537658111296873, 0.9416178243270494, 0.9366667485529614, 0.9367727921345804], "loss": [3.7602685540914536, 1.6562733799219131, 1.2816895758733153, 1.149344336083974, 1.1017448902130127, 0.6887447228655219, 0.667114497628063, 0.6971012551407078, 0.6858867309056222, 0.6415316951461136], "top_k_categorical_accuracy": [0.479248046875, 0.81494140625, 0.875244140625, 0.889872173116622, 0.89892578125, 0.951171875, 0.9521484375, 0.9464110127826942, 0.949462890625, 0.953369140625], "acc": [0.3076171875, 0.62353515625, 0.68994140625, 0.7202556540597974, 0.7333984375, 0.83056640625, 0.828125, 0.8247295967362741, 0.8212890625, 0.836181640625], "val_acc": [0.5548914755316942, 0.6473733877265705, 0.6885813146913978, 0.7175212332046643, 0.7363950924027375, 0.7618748035097918, 0.7625039319228586, 0.7665932684358691, 0.7647058820154503, 0.7647058820154503]}