{"val_top_k_categorical_accuracy": [0.9415448862973733, 0.9603340302230421, 0.9697285993860758, 0.9655532340416082, 0.9718162820583096, 0.975991648398262, 0.9739039675925619, 0.9739039675925619, 0.9728601252609603, 0.972860126256445], "val_loss": [0.8209201842857552, 0.6182160314662472, 0.5716349945436688, 0.48217406221869596, 0.46369365411411995, 0.43966810924772926, 0.4215429885029046, 0.4206054061962319, 0.4131037943796226, 0.4005096674214325], "loss": [1.9390993419520184, 0.559234919026494, 0.45756681356579065, 0.4002158627845347, 0.16773739829659462, 0.14772946859011427, 0.12349832023028284, 0.14202373539782645, 0.10440176911652088, 0.10030025020460658], "top_k_categorical_accuracy": [0.7551420168124731, 0.966796875, 0.9736328125, 0.9794921875, 0.99609375, 0.99560546875, 0.99755859375, 0.9970617042115573, 0.99853515625, 0.9985308521057786], "acc": [0.5945151816619365, 0.85693359375, 0.87646484375, 0.88671875, 0.94677734375, 0.95654296875, 0.96533203125, 0.9632713032282532, 0.9736328125, 0.9686581782566112], "val_acc": [0.7630480152082344, 0.8402922758229839, 0.8329853865946011, 0.8684759918981405, 0.8747390379238726, 0.8768267235825604, 0.8799582464709909, 0.8726513582380928, 0.873695198578725, 0.8820459292676603]}