{"val_top_k_categorical_accuracy": [0.2503932053495706, 0.5451399815011302, 0.7301038058908828, 0.8166089968960328, 0.8508965082422072, 0.8625353885431941, 0.8694558039181035, 0.8719723185453447, 0.8773199121282325, 0.8770053478560759], "val_loss": [4.678904926225651, 3.6319342132783152, 2.6993514888501835, 2.107915902182755, 1.777992480728903, 1.6342817696058063, 1.5918241371032988, 1.5537259682202047, 1.5264208626169646, 1.5089435596142073], "loss": [5.23955297048113, 4.441195283085108, 3.705199435353279, 3.162121217697859, 2.694486726075411, 2.426817925646901, 2.442818757146597, 2.3348164428025484, 2.349424174401612, 2.2810608875006437], "top_k_categorical_accuracy": [0.1339724681604811, 0.2939453125, 0.447509765625, 0.55810546875, 0.6474609375, 0.701171875, 0.697998046875, 0.716064453125, 0.7146017696770712, 0.73681640625], "acc": [0.0816125860959731, 0.1708984375, 0.26123046875, 0.33984375, 0.412353515625, 0.458984375, 0.44873046875, 0.474365234375, 0.469026548789783, 0.476806640625], "val_acc": [0.13180245369550903, 0.30009436923289834, 0.47247562133954657, 0.5765964136291652, 0.6244101921092343, 0.6360490719977322, 0.6498899024475592, 0.6530355456378634, 0.6583831391645025, 0.66247247579001]}