{"val_top_k_categorical_accuracy": [0.6939289080680411, 0.8213274612783749, 0.8741742683379445, 0.8788927339202542, 0.8766907831714302, 0.9084617806403432, 0.9194715316282874, 0.9235608678975544, 0.9210443537765496, 0.9317395404360886], "val_loss": [2.5120173534082517, 1.73804162792831, 1.3666935910515607, 1.3110751921405355, 1.3886408940468542, 1.0284188156721914, 0.9724859552362424, 0.977393661590821, 0.963422667721451, 0.9046049444095711], "loss": [4.222944178529662, 2.313038421794772, 1.7361786924302578, 1.529617426916957, 1.474885331466794, 1.003406292758882, 0.9190197894349694, 0.913995772805303, 0.8995373286306858, 0.8351470227353275], "top_k_categorical_accuracy": [0.3984759096257689, 0.73046875, 0.80810546875, 0.841552734375, 0.8486328125, 0.908203125, 0.924560546875, 0.9203539823594933, 0.918701171875, 0.934326171875], "acc": [0.2704031466265578, 0.5537109375, 0.62548828125, 0.648681640625, 0.669189453125, 0.756591796875, 0.7724609375, 0.7723697149648076, 0.78076171875, 0.797119140625], "val_acc": [0.5224913493497224, 0.6442277444425188, 0.7027367096758744, 0.7156338472342334, 0.710915382308156, 0.7618748030035554, 0.7735136831545463, 0.7687952184347133, 0.771940861568769, 0.7835797418135073]}