{"val_top_k_categorical_accuracy": [0.9217118990446183, 0.9551148206804391, 0.9697286022480943, 0.9613778686971406, 0.9697286013770452, 0.9665970753777251, 0.9697286012526096, 0.9697286003815605, 0.9718162820583096, 0.9718162830537943], "val_loss": [0.9438483708835593, 0.6130984022373447, 0.5449150651382255, 0.5522083567925933, 0.5070555791227703, 0.4895583800582647, 0.4703829763204419, 0.46249962375656795, 0.46263999375271647, 0.4562287252233023], "loss": [1.9200511854379114, 0.6174694830551744, 0.430497114546597, 0.39333351142704487, 0.14752235333435237, 0.1292594630504027, 0.11952364072203636, 0.10885041222399526, 0.09328953691874631, 0.09651669336017221], "top_k_categorical_accuracy": [0.750734573129809, 0.9599609375, 0.97802734375, 0.978515625, 0.998046875, 0.99658203125, 0.99755859375, 0.9975514201762977, 0.99609375, 0.99853515625], "acc": [0.5930460333006856, 0.83056640625, 0.8759765625, 0.8857421875, 0.9580078125, 0.96533203125, 0.9677734375, 0.9666993144560281, 0.9736328125, 0.97607421875], "val_acc": [0.7515657634974023, 0.8402922749519348, 0.8392484336158179, 0.8549060526620869, 0.855949895118124, 0.8632567852175559, 0.8611691005543528, 0.86534446900971, 0.8684759899071711, 0.8716075140399574]}