{"val_top_k_categorical_accuracy": [0.8008807801757829, 0.9012268012370205, 0.8977665931745759, 0.919786096312933, 0.9141239380453997, 0.9226171752685794, 0.9254482540179814, 0.9279647688514671, 0.9276502048230538, 0.9307958474508732], "val_loss": [1.8574075037745343, 1.157216858098851, 1.1176726063605036, 0.9560141215612394, 0.9953374741736656, 0.9345325269238609, 0.8923303080865068, 0.8714919361013704, 0.86748938963225, 0.8595476445254757], "loss": [3.6921761413356666, 1.4915793221443892, 1.1218835236504674, 1.1119394823908806, 0.9879662515595555, 0.5927756541246509, 0.5690041515044868, 0.5833222731016576, 0.5040470552630723, 0.6001526499167085], "top_k_categorical_accuracy": [0.48918387408101804, 0.8486328125, 0.8974609375, 0.897216796875, 0.9140625, 0.9572271385258513, 0.9580078125, 0.9609375, 0.968994140625, 0.95947265625], "acc": [0.32915437564385674, 0.649169921875, 0.7275390625, 0.729248046875, 0.7451171875, 0.8507866275111248, 0.857177734375, 0.852783203125, 0.867919921875, 0.84619140625], "val_acc": [0.5894935513000212, 0.7115445109649663, 0.7310474991760902, 0.7599874173893648, 0.7511796159877759, 0.7681660895716586, 0.7735136836045341, 0.782321484706131, 0.7816923556930804, 0.7826360490345362]}