{"val_top_k_categorical_accuracy": [0.9457202505219207, 0.9384133624134582, 0.9603340273610237, 0.9655532350370929, 0.9634655533603437, 0.9780793310704958, 0.9780793310704958, 0.9791231732776617, 0.9801670137427296, 0.9801670147382143], "val_loss": [0.8283750299123235, 0.8727089694248111, 0.6818475848946541, 0.5683093041119347, 0.6013725434812972, 0.5502230287344819, 0.5172630783660427, 0.5274161572620615, 0.5021005999569107, 0.5072772557650826], "loss": [1.7432014532387257, 0.6128027951344848, 0.486867415253073, 0.4780183345750777, 0.17744197355661756, 0.13997545733582228, 0.11600572825409472, 0.11410199436308938, 0.1270066262804903, 0.10178952314890921], "top_k_categorical_accuracy": [0.791015625, 0.9609375, 0.97314453125, 0.9735553379040157, 0.9955925569011229, 0.99560546875, 0.998046875, 0.9970617042115573, 0.99853515625, 0.99951171875], "acc": [0.6181640625, 0.82958984375, 0.85986328125, 0.8589618023298863, 0.950538687094185, 0.95654296875, 0.96630859375, 0.9686581788403981, 0.962890625, 0.970703125], "val_acc": [0.7776617939138711, 0.7766179535732389, 0.8267223374579794, 0.8434238009512549, 0.8382045941462347, 0.8507306903040732, 0.858037578661407, 0.8559498948692529, 0.8632567863374762, 0.8611691016742731]}