{"val_top_k_categorical_accuracy": [0.7291601128494188, 0.8719723180953569, 0.8946209498905243, 0.9141239384016401, 0.9059452657131101, 0.9172695816294433, 0.9254482543742218, 0.933941491391157, 0.9342560550633299, 0.9377162628257826], "val_loss": [2.26589615204755, 1.4356653110978737, 1.243776790973487, 1.1203879955318148, 1.2169107163841149, 0.9529157743659474, 0.8795344497318274, 0.8355080662901652, 0.8139596094534659, 0.7987063207240853], "loss": [4.304017066955566, 2.20270674303174, 1.5391003847591058, 1.354443572461605, 1.25566347502172, 0.9219924197532237, 0.7745888400822878, 0.694755011837977, 0.7054730011150241, 0.6982461544685066], "top_k_categorical_accuracy": [0.412353515625, 0.773681640625, 0.8559488689887723, 0.872314453125, 0.880126953125, 0.926025390625, 0.93896484375, 0.9493608651728522, 0.9462890625, 0.946533203125], "acc": [0.26953125, 0.591552734375, 0.6762536871984176, 0.704345703125, 0.720703125, 0.785888671875, 0.812255859375, 0.8266961652503487, 0.82421875, 0.82177734375], "val_acc": [0.5492293177141487, 0.6797735140022897, 0.7140610252922156, 0.7407989937128905, 0.7313620635607438, 0.7643913179870371, 0.7857816926748282, 0.795847750527561, 0.796791443456528, 0.7993079585337571]}