{"val_top_k_categorical_accuracy": [0.7263290345500047, 0.8722868824237621, 0.901855929443843, 0.9062598303415071, 0.9191569672998823, 0.9273356398384164, 0.9317395405860845, 0.9333123620781144, 0.9320541054207261, 0.932683233721296], "val_loss": [2.5001269576308784, 1.3677634273395856, 1.1175596649146522, 1.0418149904096303, 0.9635120434144564, 0.8999937694752955, 0.8660518844459896, 0.8512195717729687, 0.8425537459353075, 0.8341732246390526], "loss": [4.246384676545858, 2.191928843036294, 1.593319732695818, 1.4021433876679006, 1.2984775695949793, 0.9854917037300766, 0.8658277551801976, 0.9101377734914422, 0.8314157966524363, 0.8350616088137031], "top_k_categorical_accuracy": [0.369873046875, 0.740234375, 0.835693359375, 0.8554572270800348, 0.8740234375, 0.906982421875, 0.9301868237577006, 0.9228515625, 0.9345703125, 0.9375], "acc": [0.227294921875, 0.523681640625, 0.62890625, 0.6678957720538977, 0.6845703125, 0.75341796875, 0.7814650932361712, 0.775390625, 0.792724609375, 0.781005859375], "val_acc": [0.4973262034335501, 0.6775715630472212, 0.7168921046978499, 0.7389116070862273, 0.7530670019019584, 0.7719408616625164, 0.7772884553954, 0.7829506133629414, 0.7851525638117735, 0.7860962567407405]}