{"val_top_k_categorical_accuracy": [0.9123173278906151, 0.9488517756501916, 0.9613778716835946, 0.9718162820583096, 0.9624217100332575, 0.9718162820583096, 0.9707724417176774, 0.9749478079331941, 0.9749478089286788, 0.975991649269311], "val_loss": [1.0542875870533428, 0.7033307690461145, 0.6055581548517581, 0.5583613034578853, 0.5589566547462488, 0.4966266256035743, 0.48838685325391606, 0.4731376699963293, 0.48032930331588536, 0.45854898988578413], "loss": [2.313310217112303, 0.7975505068898201, 0.5765061485895797, 0.5328672146424651, 0.30110608926042914, 0.25751230714377016, 0.2272075943183154, 0.22939639512985857, 0.20587634528055787, 0.18020909209735692], "top_k_categorical_accuracy": [0.67333984375, 0.94580078125, 0.9603330063306152, 0.96435546875, 0.9873046875, 0.98681640625, 0.9931640625, 0.9916748291831993, 0.9931640625, 0.99560546875], "acc": [0.509765625, 0.78955078125, 0.839862880230417, 0.853515625, 0.916015625, 0.93310546875, 0.93798828125, 0.9338883454022048, 0.94482421875, 0.9541015625], "val_acc": [0.7223382059616933, 0.8183716058979951, 0.8559498948692529, 0.8350730692668349, 0.8382045941462347, 0.8496868459815023, 0.8549060546530562, 0.8632567843465069, 0.8569937381963392, 0.8653444688852744]}