{"val_top_k_categorical_accuracy": [0.8945720253010633, 0.9415448862973733, 0.9467640899915039, 0.9645093927054913, 0.9634655513693744, 0.9676409177093267, 0.9686847600409283, 0.9707724407221927, 0.9718162839248434, 0.9718162830537943], "val_loss": [1.079160937187816, 0.7584354561405541, 0.6680778314773623, 0.649534835882625, 0.6455462396393739, 0.5752136759568853, 0.5549922418743684, 0.5331246457169598, 0.5283003763017674, 0.5263852801850544], "loss": [1.90125872194767, 0.7022349731996655, 0.5168849832864513, 0.4675362422131002, 0.22614781255833805, 0.18821104848757386, 0.1786628639092669, 0.14745466999011114, 0.14060358348485888, 0.15508085747598785], "top_k_categorical_accuracy": [0.76318359375, 0.94921875, 0.9647404505386875, 0.97607421875, 0.9921875, 0.99267578125, 0.994140625, 0.9951171875, 0.9955925563173359, 0.9941234084231146], "acc": [0.59033203125, 0.81494140625, 0.8633692465379587, 0.8662109375, 0.935546875, 0.94482421875, 0.9501953125, 0.96337890625, 0.960333006388994, 0.9549461313022573], "val_acc": [0.7306889367750642, 0.8037578300543767, 0.8100208760801089, 0.8298538624618148, 0.8267223374579794, 0.8423799566286839, 0.8444676412918871, 0.8496868467281158, 0.8559498968602223, 0.8580375766704376]}