{"val_top_k_categorical_accuracy": [0.9311064728117686, 0.9530271399991747, 0.9498956169863085, 0.9665970763732098, 0.9592901860249068, 0.9645093946964607, 0.9707724407221927, 0.9707724407221927, 0.974947807062145, 0.9739039657260281], "val_loss": [0.9107143068861115, 0.7155855993637212, 0.7730893695528671, 0.6788362553323734, 0.6442758435993952, 0.5690042961365495, 0.5462810613666048, 0.5458377220187655, 0.5373868254131963, 0.5277347157792905], "loss": [1.848613079637289, 0.649408271536231, 0.5093745936025719, 0.48686763225123286, 0.18889367068186402, 0.18949051122763194, 0.15757110078584668, 0.15006415889365599, 0.11881296933279373, 0.13533692387863994], "top_k_categorical_accuracy": [0.76953125, 0.953125, 0.9701273256254243, 0.97021484375, 0.99560546875, 0.9921875, 0.9975514207600846, 0.99365234375, 0.99658203125, 0.99755859375], "acc": [0.60009765625, 0.8212890625, 0.8623898134992826, 0.8671875, 0.943359375, 0.9453125, 0.9588638596039678, 0.9609375, 0.96826171875, 0.9599609375], "val_acc": [0.7411273498873621, 0.8121085609921832, 0.7943632551673061, 0.8121085608677476, 0.823590814569549, 0.8455114807614703, 0.8507306883131039, 0.849686847848036, 0.8465553228442007, 0.85177453052027]}