{"val_top_k_categorical_accuracy": [0.4790814721891812, 0.7754010691249772, 0.8556149733182806, 0.8735451397373827, 0.8930481283984945, 0.9005976724302143, 0.9072035227267388, 0.9065743948199082, 0.9065743941636759, 0.9090909092971535], "val_loss": [3.813487681250559, 2.191683079394652, 1.579501360945448, 1.3466662854734326, 1.226295650736571, 1.1351353626800207, 1.1022609372152476, 1.0813267404795368, 1.0751969071445544, 1.056545440675928], "loss": [4.808552550003592, 2.9399884901940823, 1.9180249646306038, 1.4608849100768566, 1.3425664566457272, 1.027919746004045, 0.970978498986337, 0.9937263373285532, 0.9725734191015363, 0.9587854985147715], "top_k_categorical_accuracy": [0.25319567357896, 0.6416015625, 0.802490234375, 0.86767578125, 0.8779296875, 0.91943359375, 0.9304326447999818, 0.924560546875, 0.9208984375, 0.92041015625], "acc": [0.14183874151348014, 0.4326171875, 0.58544921875, 0.65869140625, 0.682373046875, 0.7607421875, 0.7689282201384373, 0.765380859375, 0.779541015625, 0.777099609375], "val_acc": [0.28877005352046586, 0.543567159352868, 0.6473733880828109, 0.6841774145062145, 0.7077697387241124, 0.7269581625505828, 0.7345077068447954, 0.7430009439554781, 0.7433155082838833, 0.7470902802247452]}