{"val_top_k_categorical_accuracy": [0.8945720253010633, 0.9519832976675731, 0.9394572036251395, 0.9759916474027773, 0.9759916502647957, 0.9759916502647957, 0.9770354887388942, 0.9791231742731464, 0.9812108540833618, 0.9812108559498957], "val_loss": [1.291463014228359, 0.9869863011394014, 0.7245712830278719, 0.6097746735325935, 0.5258715342504744, 0.4636471501720723, 0.42752257369007596, 0.4049584060471839, 0.3984420708923101, 0.3852855148793262], "loss": [2.571328131622479, 0.8807356115430593, 0.6986363381147385, 0.5557535937987268, 0.37612743000499904, 0.2894890266470611, 0.2359621779925676, 0.22919549292419106, 0.21510738506913185, 0.17417020089814875], "top_k_categorical_accuracy": [0.6537708131036375, 0.9375, 0.95654296875, 0.96533203125, 0.984375, 0.99072265625, 0.9931439759682255, 0.9921875, 0.99365234375, 0.9951028403525954], "acc": [0.48383937357221596, 0.79931640625, 0.82080078125, 0.859375, 0.9033203125, 0.92041015625, 0.935357492187231, 0.93896484375, 0.94189453125, 0.9524975514201763], "val_acc": [0.7056367448326939, 0.7828810027098606, 0.8173277645618782, 0.8549060536575716, 0.8653444678897898, 0.8663883103458269, 0.8799582457243774, 0.8830897686128079, 0.8830897717236975, 0.886221294612128]}