{"val_top_k_categorical_accuracy": [0.8175526892812645, 0.8939918209337221, 0.9097200374477274, 0.9197860966129249, 0.912865681031771, 0.9248191255674155, 0.931739540942325, 0.9329977979559537, 0.934570619691727, 0.9329977982559456], "val_loss": [1.6549337528981138, 1.1695817794091823, 1.054912230941476, 0.9558766244829507, 0.9932891254006561, 0.8877116100110884, 0.8399432060215299, 0.8194725351837605, 0.8011188413145108, 0.7962944829715202], "loss": [3.405797354876995, 1.2424648981541395, 1.09518426284194, 0.9079854488372803, 0.893436998128891, 0.5607615779154003, 0.4883179725147784, 0.4916277027223259, 0.4768761247396469, 0.43632951378822327], "top_k_categorical_accuracy": [0.53759765625, 0.88427734375, 0.9013671875, 0.92431640625, 0.92578125, 0.96435546875, 0.97021484375, 0.966552734375, 0.968994140625, 0.975830078125], "acc": [0.377685546875, 0.709716796875, 0.737060546875, 0.77685546875, 0.784423828125, 0.8623046875, 0.878173828125, 0.87939453125, 0.87841796875, 0.886962890625], "val_acc": [0.6297577851858857, 0.7043095310179083, 0.7348222709669562, 0.758414595747339, 0.7546398236002326, 0.7744573764960021, 0.7851525638117735, 0.7892419000810406, 0.7952186223207386, 0.7949040581423293]}