{"val_top_k_categorical_accuracy": [0.9498956159908238, 0.9164926942305675, 0.9686847590454436, 0.9770354916009126, 0.9780793329370295, 0.9812108559498957, 0.9843423799582464, 0.9853862194278294, 0.9853862194278294, 0.9864300636259649], "val_loss": [1.0595807767860077, 1.2005133255538463, 0.9257870811759057, 0.7425524294998551, 0.8810860488509336, 0.38836865323072683, 0.37989053982533594, 0.36238561511537476, 0.3610426660370478, 0.3459773326840928], "loss": [2.3260129595596806, 0.8072871100157499, 0.6549852909520268, 0.6191232968121767, 0.4168100622482598, 0.35713053587824106, 0.29470653293415333, 0.3047320847399533, 0.3012050758115947, 0.2294036839430993], "top_k_categorical_accuracy": [0.6890303627400861, 0.943359375, 0.9599609375, 0.96044921875, 0.98193359375, 0.98583984375, 0.9887365322855614, 0.98974609375, 0.98681640625, 0.9931439759682255], "acc": [0.512732615024873, 0.7822265625, 0.8251953125, 0.8359375, 0.8759765625, 0.88818359375, 0.921155730318953, 0.90869140625, 0.9130859375, 0.9353574927710179], "val_acc": [0.7432150306930622, 0.7818371612493081, 0.8079331926612615, 0.8267223367113659, 0.8267223368358014, 0.8862212954831771, 0.8820459291432248, 0.8924843416333448, 0.8872651369437295, 0.8956158656416955]}