{"val_top_k_categorical_accuracy": [0.8260459259982078, 0.8905316136775058, 0.8968229006393483, 0.9106637309391793, 0.9072035230267307, 0.9342560552695743, 0.939918213630855, 0.9433784212433118, 0.9436929849717332, 0.9436929850654806], "val_loss": [1.7677882703155345, 1.424559732096943, 1.4581548992137783, 1.3126915308918432, 1.3050392691764339, 0.8349476884318133, 0.7945035153794267, 0.7778354401706937, 0.7649965237881186, 0.7532071832704559], "loss": [3.4757487699389458, 1.6388237997889519, 1.366994866169989, 1.2900314200944254, 1.1462735598906875, 0.9065026328898966, 0.7945837657898664, 0.7599848639219999, 0.771581354085356, 0.7247013635933399], "top_k_categorical_accuracy": [0.546630859375, 0.82958984375, 0.86083984375, 0.8761061948660904, 0.89501953125, 0.92431640625, 0.941650390625, 0.939453125, 0.939453125, 0.942138671875], "acc": [0.408203125, 0.6474609375, 0.697509765625, 0.6991150443063959, 0.735107421875, 0.77783203125, 0.80029296875, 0.807373046875, 0.803466796875, 0.813232421875], "val_acc": [0.658383139220751, 0.7184649262461282, 0.7291601129056673, 0.7489776658014368, 0.7533815661928646, 0.7961623147997177, 0.8021390370394157, 0.8037118586814415, 0.8096885810711355, 0.8115759675478028]}