{"val_top_k_categorical_accuracy": [0.8413361181545855, 0.94467640731927, 0.9572025043481576, 0.9509394573269409, 0.9728601233944266, 0.9780793329370295, 0.9801670156092633, 0.9791231742731464, 0.9822546972860126, 0.9812108559498957], "val_loss": [1.505223697560814, 0.9247685766668061, 0.7724751851255063, 0.8098122648008184, 0.5946232945909082, 0.4400723384914916, 0.4259558611846916, 0.4206642504773707, 0.40202302835679504, 0.39643890225563766], "loss": [3.0551305525004864, 1.3175333011895418, 0.9141908828169107, 0.7188681277658984, 0.5406753486022353, 0.4241718782967615, 0.3287350223399699, 0.31667385436594486, 0.27893450506962836, 0.2515914188697934], "top_k_categorical_accuracy": [0.55224609375, 0.87109375, 0.9228515625, 0.9441723800779673, 0.9697265625, 0.9789422135161606, 0.984375, 0.9853515625, 0.98974609375, 0.990234375], "acc": [0.3798828125, 0.7021484375, 0.76025390625, 0.8006856020003644, 0.84521484375, 0.880509305362253, 0.9072265625, 0.9130859375, 0.921875, 0.9287109375], "val_acc": [0.652400836815167, 0.7609603324115649, 0.7933194158221585, 0.8089770358639122, 0.8340292286773315, 0.873695198578725, 0.8799582446044572, 0.881002085940574, 0.8872651359482449, 0.8841336099489248]}