{"val_top_k_categorical_accuracy": [0.8310789559089227, 0.8908461776496704, 0.9112928595959896, 0.9141239381953957, 0.9156967601936619, 0.9229317392407441, 0.9254482545242178, 0.9276502041668215, 0.9320541049707383, 0.9307958474508732], "val_loss": [1.5979872005246052, 1.2428667996806444, 1.051538513362239, 1.010538885262673, 0.9803792493228607, 0.9109149752041198, 0.8782655728542044, 0.8568574684563955, 0.8413004565066458, 0.8340010060271065], "loss": [3.3081650268286467, 1.2451338693499565, 1.0153561308979988, 0.9811693895608187, 0.9361147815361619, 0.5471797101199627, 0.433526226086542, 0.43444303586147726, 0.42068357579410076, 0.46167324197679144], "top_k_categorical_accuracy": [0.5595703125, 0.878173828125, 0.909423828125, 0.9208984375, 0.917724609375, 0.965087890625, 0.974365234375, 0.973388671875, 0.973388671875, 0.9712389378186641], "acc": [0.39794921875, 0.707763671875, 0.751953125, 0.759033203125, 0.762939453125, 0.860107421875, 0.8955078125, 0.889892578125, 0.894775390625, 0.8839724682776977], "val_acc": [0.6275558355432819, 0.6992765020634176, 0.7338785781317366, 0.748663101866771, 0.7581000317189258, 0.7766593267385897, 0.7848379991271279, 0.7895564642032012, 0.7939603651571139, 0.793960364707126]}