{"val_top_k_categorical_accuracy": [0.41742686371864784, 0.7492922303735854, 0.8320226489878856, 0.8619062601863756, 0.8766907828714383, 0.8952500788473265, 0.9037433158642618, 0.9037433154142739, 0.9046870086994813, 0.9068889591483134], "val_loss": [4.100521469611198, 2.504098324402206, 1.7877451133413036, 1.5032894688981553, 1.3439452137426597, 1.217606688190759, 1.177060481342515, 1.1642753640673151, 1.153047765977505, 1.1384295535072586], "loss": [4.932237710803747, 3.4617740027606487, 2.395066640604445, 1.9519178979098797, 1.7358509618788958, 1.4544009808450937, 1.3779178820550442, 1.365105936426446, 1.4154736576601863, 1.3370715351775289], "top_k_categorical_accuracy": [0.2021484375, 0.527099609375, 0.7219764010627244, 0.794189453125, 0.8203125, 0.864990234375, 0.877197265625, 0.8743854474529053, 0.8642578125, 0.879638671875], "acc": [0.111083984375, 0.333740234375, 0.5058997048975327, 0.548583984375, 0.60693359375, 0.658447265625, 0.672119140625, 0.6777286137451465, 0.67236328125, 0.685546875], "val_acc": [0.22302610902675257, 0.4992135888977447, 0.6086819758389723, 0.6580685752860852, 0.682290028479535, 0.7080843030525177, 0.7175212329984199, 0.7187794905745334, 0.720666876038728, 0.7256999058931944]}