{"val_top_k_categorical_accuracy": [0.9227557422472689, 0.9540709822063406, 0.9425887256425208, 0.9551148206804391, 0.964509393700976, 0.9728601263808806, 0.9707724425887265, 0.9749478079331941, 0.9749478060666604, 0.975991649269311], "val_loss": [0.9640537445629813, 0.6361148001505587, 0.7809316075420579, 0.6363820726040261, 0.5642099757532983, 0.5198433239922892, 0.4959458243374038, 0.49451940654463955, 0.48107457820458305, 0.4781892768774252], "loss": [2.1161118811187967, 0.7452356675639749, 0.5941526321694255, 0.46228638431057334, 0.25814547855407, 0.20222821102699268, 0.15360675670672208, 0.1788850324228406, 0.1818028506822884, 0.15838065114803612], "top_k_categorical_accuracy": [0.7051909899267931, 0.9404296875, 0.96533203125, 0.9736328125, 0.9912109375, 0.9955925563173359, 0.99609375, 0.99267578125, 0.9951171875, 0.99365234375], "acc": [0.5528893239584539, 0.794921875, 0.833984375, 0.87744140625, 0.923828125, 0.9397649369207115, 0.9638671875, 0.9482421875, 0.94921875, 0.95556640625], "val_acc": [0.7536534430587466, 0.8267223367113659, 0.7954070976233433, 0.823590815440598, 0.8475991661712869, 0.8580375767948732, 0.8663883073593729, 0.8611691015498374, 0.8590814190020392, 0.862212943881439]}