{"val_top_k_categorical_accuracy": [0.9175365356911199, 0.9478079341896392, 0.9582463456842745, 0.9634655524892947, 0.9676409177093267, 0.9686847609119774, 0.9718162830537943, 0.9718162849203281, 0.9728601252609603, 0.974947807062145], "val_loss": [0.9683959459213225, 0.6394802605060546, 0.6217175724610904, 0.544386816174103, 0.5516415428144698, 0.509211942335758, 0.4963810067460532, 0.49772910509328505, 0.4897967504807952, 0.4891852939303086], "loss": [2.00443242404183, 0.6966642690822482, 0.5418731011450291, 0.4017081526108086, 0.2162117667030543, 0.1968562607653439, 0.14070758468005806, 0.12055988213978708, 0.1425271745876981, 0.12617307261098176], "top_k_categorical_accuracy": [0.7350636636592032, 0.94970703125, 0.96435546875, 0.97705078125, 0.99560546875, 0.99560546875, 0.99560546875, 0.998046875, 0.9960822722820764, 0.99658203125], "acc": [0.580313418567706, 0.81298828125, 0.84521484375, 0.88671875, 0.93603515625, 0.94287109375, 0.9638671875, 0.970703125, 0.9569049951612191, 0.96826171875], "val_acc": [0.7620041749920378, 0.829853860595281, 0.8423799576241686, 0.8559498971090934, 0.8288100202546488, 0.8559498958647376, 0.8622129428859543, 0.8684759920225761, 0.8684759918981405, 0.869519833358693]}